name,status,dna_sequence
Person 1,zombie,ATCGTACGATCGATCAGTCGATCAGTCGATCAGTC
Person 2,non-zombie,ATCGTAGCATCGATCAGTCGATCAGTCGATCAGTC
Person 3,zombie,GCTAGCTAGCTAGCTAGCTAGCTAGCTAGCTAGCT
Person 4,non-zombie,TGCATGCATGCATCGTAGCATGCATGCATGCATGCA
Person 5,zombie,CGTACGTACGTACGTACGTACGTACGTACGTACGT
Person 6,non-zombie,ATGCATGCATGCATCGTAGCATGCATGCATGCATGCA
Person 7,zombie,TACGTACGTACGTACGTACGTACGTACGTACGTAC
Person 8,non-zombie,GCATGCATGCATCGTAGCATGCATGCATGCATGCATG
Person 9,zombie,ATGCGATCGATCGATCGATCGATCGATCGATCGAT
Person 10,non-zombie,CATGCATGCATCGTAGCATGCATGCATGCATGCATGCAT
Person 11,zombie,GTACGTACGTACGTACGTACGTACGTACGTACGTA
Person 12,non-zombie,TGCATGCATCGTAGCATGCATGCATGCATGCATGCAT
Person 13,zombie,CGTACGTACGTACGTACGTACGTACGTACGTACGT
Person 14,non-zombie,ATGCATGCATGCATCGTAGCATGCATGCATGCATGCA
Person 15,zombie,GCTAGCTAGCTAGCTAGCTAGCTAGCTAGCTAGCT
Person 16,non-zombie,TGCATGCATGCATCGTAGCATGCATGCATGCATGCAT
Person 17,zombie,ATCGTACGATCGATCGATCGATCGATCGATCGATC
Person 18,non-zombie,GCATGCATGCATCGTAGCATGCATGCATGCATGCATG
Person 19,zombie,TACGTACGTACGTACGTACGTACGTACGTACGTAC
Person 20,non-zombie,CATGCATGCATCGTAGCATGCATGCATGCATGCATGCAT
Person 21,zombie,GTACGTACGTACGTACGTACGTACGTACGTACGTA
Person 22,non-zombie,TGCATGCATGCATCGTAGCATGCATGCATGCATGCAT
Person 23,zombie,CGTACGTACGTACGTACGTACGTACGTACGTACGT
Person 24,non-zombie,ATGCATGCATGCATCGTAGCATGCATGCATGCATGCA
Person 25,zombie,GCTAGCTAGCTAGCTAGCTAGCTAGCTAGCTAGCT
Person 26,non-zombie,TGCATGCATGCATCGTAGCATGCATGCATGCATGCAT
Person 27,zombie,ATCGTACGATCGATCGATCGATCGATCGATCGATC
Person 28,non-zombie,GCATGCATGCATCGTAGCATGCATGCATGCATGCATG
Person 29,zombie,TACGTACGTACGTACGTACGTACGTACGTACGTAC
Person 30,non-zombie,CATGCATGCATCGTAGCATGCATGCATGCATGCATGCAT
Person 31,zombie,GTACGTACGTACGTACGTACGTACGTACGTACGTA
Person 32,non-zombie,TGCATGCATGCATCGTAGCATGCATGCATGCATGCAT
Person 33,zombie,CGTACGTACGTACGTACGTACGTACGTACGTACGT
Person 34,non-zombie,ATGCATGCATGCATCGTAGCATGCATGCATGCATGCA
Person 35,zombie,GCTAGCTAGCTAGCTAGCTAGCTAGCTAGCTAGCT
Person 36,non-zombie,TGCATGCATGCATCGTAGCATGCATGCATGCATGCAT
Person 37,zombie,ATCGTACGATCGATCGATCGATCGATCGATCGATC
Person 38,non-zombie,GCATGCATGCATCGTAGCATGCATGCATGCATGCATG
Person 39,zombie,TACGTACGTACGTACGTACGTACGTACGTACGTAC
Person 40,non-zombie,CATGCATGCATCGTAGCATGCATGCATGCATGCATGCAT
Person 41,zombie,GTACGTACGTACGTACGTACGTACGTACGTACGTA
Person 42,non-zombie,TGCATGCATGCATCGTAGCATGCATGCATGCATGCAT
Person 43,zombie,CGTACGTACGTACGTACGTACGTACGTACGTACGT
Person 44,non-zombie,ATGCATGCATGCATCGTAGCATGCATGCATGCATGCA
Person 45,zombie,GCTAGCTAGCTAGCTAGCTAGCTAGCTAGCTAGCT
Person 46,non-zombie,TGCATGCATGCATCGTAGCATGCATGCATGCATGCAT
Person 47,zombie,ATCGTACGATCGATCGATCGATCGATCGATCGATC
Person 48,non-zombie,GCATGCATGCATCGTAGCATGCATGCATGCATGCATG
Person 49,zombie,TACGTACGTACGTACGTACGTACGTACGTACGTAC
Person 50,non-zombie,CATGCATGCATCGTAGCATGCATGCATGCATGCATGCAT