case,status,dna_sequence,eye_color,favorite_food
Subject 1,zombie,ATCGTACGATCGATCAGTCGATCAGTCGATCAGTC,red,brains
Subject 2,non-zombie,ATCGTAGCACTGACTGTCGATCAGTCGATCAGTC,blue,pasta
Subject 3,zombie,GCTAGCTAGCTAGCTAGCTAGCTAGCTAGCTAGCT,red,brains
Subject 4,non-zombie,TGCATGCATGCATCACTGACTGATGCATGCATGCA,brown,sushi
Subject 5,zombie,CGTACGTACGTACGTACGTACGTACGTACGTACGT,red,brains
Subject 6,non-zombie,ATGCATGCATGCATCACTGACTGATGCATGCATGCA,green,burger
Subject 7,zombie,TACGTACGTACGTACGTACGTACGTACGTACGTAC,red,brains
Subject 8,non-zombie,GCATGCATGCATCACTGACTGATGCATGCATGCATG,hazel,tacos
Subject 9,zombie,ATGCGATCGATCGATCGATCGATCGATCGATCGAT,red,brains
Subject 10,non-zombie,CATGCATGCATCGTACTGACTGATGCATGCATGCATGCAT,brown,salad
Subject 11,zombie,GTACGTACGTACGTACGTACGTACGTACGTACGTA,red,brains
Subject 12,non-zombie,TGCATGCATCGTACTGACTGATGCATGCATGCATGCAT,blue,fries
Subject 13,zombie,CGTACGTACGTACGTACGTACGTACGTACGTACGT,red,brains
Subject 14,non-zombie,ATGCATGCATGCATCACTGACTGATGCATGCATGCA,brown,pizza
Subject 15,zombie,GCTAGCTAGCTAGCTAGCTAGCTAGCTAGCTAGCT,red,brains
Subject 16,non-zombie,TGCATGCATGCATCACTGACTGATGCATGCATGCAT,green,steak
Subject 17,zombie,ATCGTACGATCGATCGATCGATCGATCGATCGATC,red,brains
Subject 18,non-zombie,GCATGCATGCATCACTGACTGATGCATGCATGCATG,hazel,wrap
Subject 19,zombie,TACGTACGTACGTACGTACGTACGTACGTACGTAC,red,brains
Subject 20,non-zombie,CATGCATGCATCGTACTGACTGATGCATGCATGCATGCAT,brown,quesadilla
Subject 21,zombie,GTACGTACGTACGTACGTACGTACGTACGTACGTA,red,brains
Subject 22,non-zombie,TGCATGCATGCATCACTGACTGATGCATGCATGCAT,blue,hotdog
Subject 23,zombie,CGTACGTACGTACGTACGTACGTACGTACGTACGT,red,brains
Subject 24,non-zombie,ATGCATGCATGCATCACTGACTGATGCATGCATGCA,brown,stirfry
Subject 25,zombie,GCTAGCTAGCTAGCTAGCTAGCTAGCTAGCTAGCT,red,brains
Subject 26,non-zombie,TGCATGCATGCATCACTGACTGATGCATGCATGCAT,green,curry
Subject 27,zombie,ATCGTACGATCGATCGATCGATCGATCGATCGATC,red,brains
Subject 28,non-zombie,GCATGCATGCATCACTGACTGATGCATGCATGCATG,hazel,sandwich
Subject 29,zombie,TACGTACGTACGTACGTACGTACGTACGTACGTAC,red,brains
Subject 30,non-zombie,CATGCATGCATCGTACTGACTGATGCATGCATGCATGCAT,brown,dumplings
Subject 31,zombie,GTACGTACGTACGTACGTACGTACGTACGTACGTA,red,brains
Subject 32,non-zombie,TGCATGCATGCATCACTGACTGATGCATGCATGCAT,blue,burrito
Subject 33,zombie,CGTACGTACGTACGTACGTACGTACGTACGTACGT,red,brains
Subject 34,non-zombie,ATGCATGCATGCATCACTGACTGATGCATGCATGCA,brown,pancakes
Subject 35,zombie,GCTAGCTAGCTAGCTAGCTAGCTAGCTAGCTAGCT,red,brains
Subject 36,non-zombie,TGCATGCATGCATCACTGACTGATGCATGCATGCAT,green,meatballs
Subject 37,zombie,ATCGTACGATCGATCGATCGATCGATCGATCGATC,red,brains
Subject 38,non-zombie,GCATGCATGCATCACTGACTGATGCATGCATGCATG,hazel,casserole
Subject 39,zombie,TACGTACGTACGTACGTACGTACGTACGTACGTAC,red,brains
Subject 40,non-zombie,CATGCATGCATCGTACTGACTGATGCATGCATGCATGCAT,brown,quiche
Subject 41,zombie,GTACGTACGTACGTACGTACGTACGTACGTACGTA,red,brains
Subject 42,non-zombie,TGCATGCATGCATCACTGACTGATGCATGCATGCAT,blue,omelette
Subject 43,zombie,CGTACGTACGTACGTACGTACGTACGTACGTACGT,red,brains
Subject 44,non-zombie,ATGCATGCATGCATCACTGACTGATGCATGCATGCA,brown,bagel
Subject 45,zombie,GCTAGCTAGCTAGCTAGCTAGCTAGCTAGCTAGCT,red,brains
Subject 46,non-zombie,TGCATGCATGCATCACTGACTGATGCATGCATGCAT,green,tortilla
Subject 47,zombie,ATCGTACGATCGATCGATCGATCGATCGATCGATC,red,brains
Subject 48,non-zombie,GCATGCATGCATCACTGACTGATGCATGCATGCATG,hazel,crepes
Subject 49,zombie,TACGTACGTACGTACGTACGTACGTACGTACGTAC,red,brains
Subject 50,non-zombie,CATGCATGCATCGTACTGACTGATGCATGCATGCATGCAT,brown,lasagna
